Afghanistan;AF;YA-T6
Agalega & St. Brandon Island;MU;3B6-3B7
Aland Islands;AX;OH0
Alaska;US;AL-KL-NL-WL
Albania;AL;ZA
Algeria;DZ;7T-7U-7V-7W-7X-7Y
American Samoa;AS;KH8
Andaman & Nicobar Islands;IN;VU4
Andorra;AD;C3
Angola;AO;D2-D3
Anguilla;AI;VP2E
Annobon Island;GQ;3C0
Antarctica;AQ;CE9-KC4A-KC4U
Antigua and Barbuda;AG;V2
Argentina;AR;LO-LP-LQ-LR-LS-LT-LU-LV-LW
Armenia;AM;EK
Aruba;AW;P4
Ascension Island;SH;ZD8
Australia;AU;VK-AX
Austria;AT;OE
Azerbaijan;AZ;4J-4K
Azores;PT;CU
Bahamas;BS;C6
Bahrain;BH;A9
Baker & Howland Islands;US;KH1
Balearic Islands;ES;EA6-EB6-EC6-ED6-EE6-EF6-EG6-EH6
Banaba Island (Ocean Island);KI;T33
Bangladesh;BD;S2
Barbados;BB;8P
Belarus;BY;EU-EV-EW
Belgium;BE;ON-OO-OP-OQ-OR-OS-OT
Belize;BZ;V3
Benin;BJ;TY
Bermuda;BM;VP9
Bhutan;BT;A5
Bolivia Plurinational State of;BO;CP
Bonaire;NL;PJ4
Botswana;BW;A2
Bouvet Island;BV;3Y
Brazil;BR;PP-PQ-PR-PS-PT-PU-PV-PW-PX-PY-ZV-ZW-ZX-ZY-ZZ
British Indian Ocean Territory;IO;VP2V
Brunei Darussalam;BN;V8
Bulgaria;BG;LZ
Burkina Faso;BF;XT
Burundi;BI;9U
Cambodia;KH;XU
Cameroon;CM;TJ
Canada;CA;CJ-VA-VB-VC-VD-VE-VF-VG-VO-VY
Canary Islands;ES;EA8-EB8-EC8-ED8-EE8-EF8-EG8-EH8
Cape Verde;CV;D4
Cayman Islands;KY;ZF-ZF1
Central African Republic;CF;TL
Central Kiribati (British Phoenix Island);KI;T31
Ceuta & Melilla;ES;EA9-EB9-EC9-ED9-EE9-EF9-EG9-EH9
Chad;TD;TT
Chagos Islands;;VQ9
Chatham Islands;NZ;ZL7
Chile;CL;CA-CB-CC-CD-CE-XQ-XR
China;CN;BA-BB-BC-BD-BE-BF-BG-BH-BI-BJ-BK-BL-BN-BP-BQ-BR-BS-BT-BY-BZ
Christmas Island;CX;VK9X
Cocos Island;;TI9
Cocos (Keeling) Islands;CC;VK9C
Colombia;CO;HJ-HK-5J-5K
Comoros;KM;D6
Congo;CG;TN
Congo the Democratic Republic of the;CD;9Q-9R-9S-9T
Cook Islands;CK;E5
Corsica;FR;TK
Costa Rica;CR;TI-TE
Cote d'Ivoire;CI;TU
Crete;GR;SV9-J49
Croatia;HR;9A
Cuba;CU;CO-CM
Curacao;CW;PJ2
Cyprus;CY;5B-C4-P3
Czech Republic;CZ;OK-OL
Denmark;DK;OU-OV-OW-OZ
Desecheo Island;US;KP5
Djibouti;DJ;J2
Dodecanese;GR;SV5-J45
Dominica;DM;J7
Dominican Republic;DO;HI
East Malaysia;MY;9M6-9M8-9W6-9W8
Easter Island;CL;CE0
Eastern Kiribati (Line Island);KI;T32
Ecuador;EC;HC-HD
Egypt;EG;SU
El Salvador;SV;YS-HU
England;EN;2E-M0-M1-M2-M3-M4-M5-M6-M7-M8-M9-MB-MX-G0-G1-G2-G3-G4-G5-G6-G7-G8-G9-GB-GX
Equatorial Guinea;GQ;3C
Eritrea;ER;E3
Estonia;EE;ES
Ethiopia;ET;ET
Falkland Islands (Malvinas);FK;VP8
Faroe Islands;FO;OY
Fiji;FJ;3D2
Finland;FI;OF-OG-OH-OI
France;FR;F0-F1-F2-F3-F4-F5-F6-F7-F8-F9
Franz Josef Land;RU;R1
French Guiana;GF;FY
French Southern and Antarctic Lands;FR;FT
French Polynesia;PF;FO-TX
Gabon;GA;TR
Galapagos Islands;EC;HC8-HD8
Gambia;GM;C5
Georgia;GE;4L
Germany;DE;DA-DB-DC-DD-DE-DF-DG-DH-DI-DJ-DK-DL-DM-DN-DO-DP-DQ-DR
Ghana;GH;9G
Gibraltar;GI;ZB-ZB3
Greece;GR;SV-SW-SX-SY-SZ-J4
Greenland;GL;OX
Grenada;GD;J3
Guadeloupe;GP;FG
Guam;GU;KH2
Guantanamo Bay;US;KG4
Guatemala;GT;TG-TD
Guernsey;GG;2U-MU-MP-GU-GP
Guinea;GN;3X
Guinea-Bissau;GW;J5
Guyana;GY;8R
Haiti;HT;HH
Hawaii;US;KH6-KH7
Heard Island and McDonald Islands;HM;VK0
Holy See (Vatican City State);VA;HV
Honduras;HN;HQ-HR
Hong Kong;HK;VR
Hungary;HU;HA-HG
Iceland;IS;TF
India;IN;VU
Indonesia;ID;YB-YC-YD-YE-YF-YG-YH
Iran Islamic Republic of;IR;EP-EQ
Iraq;IQ;YI
Ireland;IE;EI-EJ
Isle of Man;IM;2D-MD-MT-GD-GT
Israel;IL;4X-4Z
Italy;IT;I0-I1-I2-I3-I4-I5-I6-I7-I8-I9-IC-IK-IN-IQ-IR-IS-IT-IU-IV-IW-IZ
Jamaica;JM;6Y
Jan Mayen;NO;JX
Japan;JP;JA-JB-JC-JD-JE-JF-JG-JH-JI-JJ-JK-JL-JM-JN-JO-JP-JQ-JR-JS-7J-7K-7L-7M-7N-8J-8N
Jersey;JE;2J-MJ-MH-GJ-GH
Johnston Island;US;KH3
Jordan;JO;JY
Kaliningrad;RU;UA2-RA2
Kazakhstan;KZ;UN-UO-UP-UQ
Kenya;KE;5Y-5Z
Kermadec Islands;NZ;ZL8
Korea Democratic People's Republic of;KP;P5
Korea Republic of;KR;HL-6K-6L-6M-6N-DS
Kure Island;US;KH7K
Kuwait;KW;9K
Kyrgyzstan;KG;EX
Lakshadweep Islands;IN;VU7
Lao People's Democratic Republic;LA;XW
Latvia;LV;YL
Lebanon;LB;OD
Lesotho;LS;7P
Liberia;LR;EL
Libya;LY;5A
Liechtenstein;LI;HB0
Lithuania;LT;LY
Lord Howe Island;AU;VK9L
Luxembourg;LU;LX
Macao;MO;XX9
Macedonia;MK;Z3
Madagascar;MG;5R
Madeira Island;PT;CT3
Malawi;MW;7Q
Maldives;MV;8Q
Mali;ML;TZ
Malta;MT;9H
Mariana Islands;US;KH0
Market Reef;;OJ0
Marshall Islands;MH;V7
Martinique;MQ;FM
Mauritania;MR;5T
Mauritius;MU;3B8
Mayotte;YT;FH-FO
Mellish Reef;AU;VK9M
Mexico;MX;XA-XB-XC-XD-XE-XF-XG-XH-XI
Micronesia Federated States of;FM;V6
Midway Island;US;KH4
Moldova Republic of;MD;ER
Monaco;MC;3A
Mongolia;MN;JT-JU-JV
Montenegro;ME;4O
Montserrat;MS;VP2M
Morocco;MA;CN
Mozambique;MZ;C8-C9
Myanmar;MM;XY-XZ
Namibia;NA;V5
Nauru;NR;C2
Navassa Island;;KP1
Nepal;NP;9N
Netherlands;NL;PA-PB-PC-PD-PE-PF-PG-PH-PI
New Caledonia;NC;FK
New Zealand;NZ;ZL-ZM
New Zealand Subantarctic Islands;NZ;ZL9
Nicaragua;NI;YN-H6-H7-HT
Niger;NE;5U
Nigeria;NG;5N
Niue;NU;ZK2
Norfolk Island;NF;VK9N
Northern Ireland;NIE;2I-MI-MN-GI-GN-2AA-2ZZ
Northern Mariana Islands;MP;KH0
Norway;NO;LA-LB-LC-LD-LE-LF-LG-LH-LI-LJ-LK-LL-LM-LN
Oman;OM;A4-YP-YQ-YR
Pakistan;PK;AP
Palau;PW;T8
Palestine State of;PS;E4
Palmyra & Jarvis Island;UM;KH5
Panama;PA;HO-HP
Papua New Guinea;PG;P2
Paraguay;PY;ZP
Peru;PE;OA-OB-OC
Philippines;PH;DU-DV-DW-DX-DY-DZ-4D-4E-4F-4G-4H-4I
Pitcairn;PN;VP6
Poland;PL;3Z6-SN-SO-SP-SQ-SR-HF
Portugal;PT;CQ0-CQ1-CQ2-CQ3-CQ7-CQ8-CR1-CR2-CR3-CR5-CR6-CR7-CR8-CR9-CS1-CS2-CS3-CS4-CS5-CS7-CS8-CT1-CT2-CT3-CT4-CT5-CT6-CT7-CT8-CT9-CU0-CU1-CU2-CU3-CU4-CU5-CU6-CU7-CU8-CU
Pratas Islands;;BV9P
Prince Edward & Marion Islands;ZA;ZS8
Puerto Rico;PR;KP3-KP4
Qatar;QA;A7
Reunion;RE;FR
Revillagigedo Islands;MX;XA4-XB4-XC4-XD4-XE4-XF4-XG4-XH4-XI4
Rodriguez Island;MU;3B9
Romania;RO;YO-YP-YQ-YR
Rwanda;RW;9X
Sable Island;CA;CY0
Saint Barthelemy;BL;FJ
Saint Helena;SH;ZD7
Saint Kitts and Nevis;KN;V4
Saint Lucia;LC;J6
Saint Martin (French part);MF;FS
Saint Pierre and Miquelon;PM;FP
Saint Vincent and the Grenadines;VC;J8
Samoa;WS;5W
San Marino;SM;T7
Sao Tome and Principe;ST;S9
Sardinia;IT;IS0-IM0
Saudi Arabia;SA;HZ
Scarborough Reef;;BS7
Scotland;SH;2M-MM-MS-GM-GS
Senegal;SN;6V-6W
Serbia;RS;YT-YU
Seychelles;SC;S7
Sierra Leone;SL;9L
Singapore;SG;9V
Sint Eustatius and Saba;NL;PJ5-PJ6
Sint Maarten (Dutch part);SX;PJ7
Slovakia;SK;OM
Slovenia;SI;S5
Solomon Islands;SB;H4
Somalia;SO;T5-6O
South Africa;ZA;ZR-ZS-ZT-ZU
South Georgia and the South Sandwich Islands;GS;VP8S
South Sudan;SS;Z8
Spain;ES;EA-EB-EC-ED-EE-EF-EG-EH
Sri Lanka;LK;4S
St. Paul Island;US;CY9
Sudan;SD;ST
Suriname;SR;PZ
Svalbard;NO;JW
Swaziland;SZ;3DA
Sweden;SE;SA-SB-SC-SD-SE-SF-SG-SH-SI-SJ-SK-SL-SM-7S-8S
Switzerland;CH;HB
Syrian Arab Republic;SY;YK
Taiwan Province of China;TW;BM-BO-BU-BV-BW-BX
Tajikistan;TJ;EY
Tanzania United Republic of;TZ;5H-5I
Temotu Province;SB;H40
Thailand;TH;HS-E2
Timor-Leste;TL;4W
Togo;TG;5V
Tokelau;TK;ZK3
Tonga;TO;A3
Trinidad and Tobago;TT;9Y-9Z
Tristan da Cunha & Gough Island;SH;ZD9
Tunisia;TN;3V
Turkey;TR;TA-TB-TC
Turkmenistan;TM;EZ
Turks and Caicos Islands;TC;VP5
Tuvalu;TV;T2
Uganda;UG;5X
UK Sov. Base Areas on Cyprus;CY;ZC4
Ukraine;UA;UR-US-UT-UU-UV-UW-UX-UY-UZ-EM-EN-EO
United Arab Emirates;AE;A6
United States;US;AA-AB-AC-AD-AE-AF-AG-AH-AI-AJ-AK-K0-K1-K2-K3-K4-K5-K6-K7-K8-K9-KA-KB-KC-KD-KE-KF-KG-KH-KI-KJ-KK-KM-KN-KO-KP-KQ-KR-KS-KT-KU-KV-KW-KX-KY-KZ-N0-N1-N2-N3-N4-N5-N6-N7-N8-N9-NA-NB-NC-ND-NE-NF-NG-NH-NI-NJ-NK-NM-NN-NO-NP-NQ-NR-NS-NT-NU-NV-NW-NX-NY-NZ-W0-W1-W2-W3-W4-W5-W6-W7-W8-W9-WA-WB-WC-WD-WE-WF-WG-WH-WI-WJ-WK-WM-WN-WO-WP-WQ-WR-WS-WT-WU-WV-WW-WX-WY-WZ
Uruguay;UY;CV-CW-CX
Uzbekistan;UZ;UJ-UK-UL-UM
Vanuatu;VU;YJ
Venezuela Bolivarian Republic of;VE;YV-YW-YX-YY-4M
Aves Island;VE;YV0
Viet Nam;VN;3W-XV
Virgin Islands British;VG;VP2V
Virgin Islands U.S.;VI;KP2
Wake Island;US;KH9
Wales;WL;2W-MW-MC-GW-GC
Wallis and Futuna;WF;FW
West Malaysia;MY;9M2-9M4-9W2-9W4
Western Kiribati (Gilbert Island);KI;T30
Western Sahara;EH;S0
Willis Island;AU;VK9W
Yemen;YE;7O
Zambia;ZM;9I-9J
Zimbabwe;ZW;Z2
GATE;GATE;REF-XRF
AMATRADIOFR;FR;BALI-MUMB-ZELL-DISC-VOIP-RELA-USRP-RR-DF-DMR-44D-DRM-FRS-14FR-173F-174F-971D-SV
AMATRADIOBS;BE;BS99
AMATRADIOHS;CH;HS99